{"epoch": 59, "_timestamp": 1700489824.35797, "_runtime": 437.75100898742676, "_step": 720, "loss": 0.10573185903498657, "acc/val": 59.94666666666667, "eval_results": {"_type": "table-file", "sha256": "764309b734d70e5ed9b143a5590d04b477b8721555ea3bd734d88b18154a674f", "size": 188, "artifact_path": "wandb-client-artifact://fesbsxixblxux3ad414vhcr0kv70tco4cf5yvxtbkz0gj1lt5c3vu8ebul27shtg238byru4mxx6pdyx934bnn03pxqpt9u4cijf2jzih44vxvxmn4w3g20iouaen9y3:latest/eval_results.table.json", "_latest_artifact_path": "wandb-client-artifact://fesbsxixblxux3ad414vhcr0kv70tco4cf5yvxtbkz0gj1lt5c3vu8ebul27shtg238byru4mxx6pdyx934bnn03pxqpt9u4cijf2jzih44vxvxmn4w3g20iouaen9y3:latest/eval_results.table.json", "path": "media/table/eval_results_720_764309b734d70e5ed9b1.table.json", "ncols": 3, "nrows": 3}, "_wandb": {"runtime": 437}}