{"epoch": 0, "_timestamp": 1700490617.0798738, "_runtime": 6.830239772796631, "_step": 58, "loss/train": 2.1765842269682008, "_wandb": {"runtime": 12}}