{"epoch": 0, "_timestamp": 1700490538.9455485, "_runtime": 3.4247374534606934, "_step": 0, "_wandb": {"runtime": 2}}