{"epoch": 239, "_timestamp": 1700488890.0270069, "_runtime": 638.4256567955017, "_step": 2880, "loss/train": 0.14285814197181346, "acc/val": 44.25333333333334, "eval_results": {"_type": "table-file", "sha256": "bc50a9b9cf4da91a80fb200dcb28523267c8aee50c8327a2da22fbb7a322d62a", "size": 202, "artifact_path": "wandb-client-artifact://1p86kcv15939g08ec8edts4i0f4dudmunhmv7vy0hjjq1cfsqbo8052wq3ginrwsh1wlqab8t93qverao7sr070bom4hy9c33yp93pxys57fwx0kb1of4czxzoc5js1s:latest/eval_results.table.json", "_latest_artifact_path": "wandb-client-artifact://1p86kcv15939g08ec8edts4i0f4dudmunhmv7vy0hjjq1cfsqbo8052wq3ginrwsh1wlqab8t93qverao7sr070bom4hy9c33yp93pxys57fwx0kb1of4czxzoc5js1s:latest/eval_results.table.json", "path": "media/table/eval_results_2880_bc50a9b9cf4da91a80fb.table.json", "ncols": 3, "nrows": 3}, "_wandb": {"runtime": 637}}