{"epoch": 27, "_timestamp": 1700492409.886373, "_runtime": 1591.6111810207367, "_step": 1510, "loss/train": 0.21217571378187977, "acc/val": 72.73333333333333, "_wandb": {"runtime": 1640}}